<?xml version="1.0" encoding="UTF-8" ?>
<configuration>


    <!--定义项目中日志输出位置-->
    <appender name="stdout" class="ch.qos.logback.core.ConsoleAppender">
        <!--定义项目的日志输出格式-->
        <layout class="ch.qos.logback.classic.PatternLayout">
            <pattern> [%p] %d{yyyy-MM-dd HH:mm:ss} %L [%c] %m %n</pattern>
        </layout>
    </appender>





    <!--项目中跟日志控制-->
    <root level="INFO">
        <appender-ref ref="stdout"/>
    </root>


    <logger level="DEBUG" name="com.baizhi.dao"/>





</configuration>